省份,市场名称,品种名称,最低价,平均价,最高价,单位,交易日期,更新时间,保存时间,市场ID,品种ID,产地,交易量,品种类型
北京,北京批发市场,白菜,1.2,1.5,1.8,元/公斤,2025-06-25,2025-06-25 11:07:49,2025-06-25 11:07:59,,,,,
北京,北京农贸市场,萝卜,0.8,1.0,1.2,元/公斤,2025-06-25,2025-06-25 11:07:49,2025-06-25 11:07:59,,,,,
天津,天津批发市场,白菜,1.2,1.5,1.8,元/公斤,2025-06-25,2025-06-25 11:07:51,2025-06-25 11:07:59,,,,,
天津,天津农贸市场,萝卜,0.8,1.0,1.2,元/公斤,2025-06-25,2025-06-25 11:07:51,2025-06-25 11:07:59,,,,,
河北,河北批发市场,白菜,1.2,1.5,1.8,元/公斤,2025-06-25,2025-06-25 11:07:53,2025-06-25 11:07:59,,,,,
河北,河北农贸市场,萝卜,0.8,1.0,1.2,元/公斤,2025-06-25,2025-06-25 11:07:53,2025-06-25 11:07:59,,,,,
山西,山西批发市场,白菜,1.2,1.5,1.8,元/公斤,2025-06-25,2025-06-25 11:07:55,2025-06-25 11:07:59,,,,,
山西,山西农贸市场,萝卜,0.8,1.0,1.2,元/公斤,2025-06-25,2025-06-25 11:07:55,2025-06-25 11:07:59,,,,,
内蒙古,内蒙古批发市场,白菜,1.2,1.5,1.8,元/公斤,2025-06-25,2025-06-25 11:07:57,2025-06-25 11:07:59,,,,,
内蒙古,内蒙古农贸市场,萝卜,0.8,1.0,1.2,元/公斤,2025-06-25,2025-06-25 11:07:57,2025-06-25 11:07:59,,,,,
北京市,北京朝阳区大洋路综合市场,玉米,3.6,3.8,4.0,元/公斤,2025-06-25,2025-06-25 13:29:58,2025-06-25 13:30:47,76E4F160BFEA936CE040A8C020017257,9,None,4.07,谷物
北京市,北京朝阳区大洋路综合市场,大白菜,0.8,0.9,1.0,元/公斤,2025-06-25,2025-06-25 13:29:58,2025-06-25 13:30:47,76E4F160BFEA936CE040A8C020017257,77,None,15.42,叶菜类
北京市,北京朝阳区大洋路综合市场,洋白菜,1.2,1.4,1.6,元/公斤,2025-06-25,2025-06-25 13:29:58,2025-06-25 13:30:47,76E4F160BFEA936CE040A8C020017257,1451,None,14.96,叶菜类
北京市,北京朝阳区大洋路综合市场,油菜,1.5,1.75,2.0,元/公斤,2025-06-25,2025-06-25 13:29:58,2025-06-25 13:30:47,76E4F160BFEA936CE040A8C020017257,79,None,13.09,叶菜类
北京市,北京朝阳区大洋路综合市场,生菜,3.0,3.5,4.0,元/公斤,2025-06-25,2025-06-25 13:29:58,2025-06-25 13:30:47,76E4F160BFEA936CE040A8C020017257,81,None,12.59,叶菜类
北京市,北京朝阳区大洋路综合市场,菠菜,4.0,4.8,5.6,元/公斤,2025-06-25,2025-06-25 13:29:58,2025-06-25 13:30:47,76E4F160BFEA936CE040A8C020017257,82,None,6.04,叶菜类
北京市,北京朝阳区大洋路综合市场,香菜,7.0,8.5,10.0,元/公斤,2025-06-25,2025-06-25 13:29:58,2025-06-25 13:30:47,76E4F160BFEA936CE040A8C020017257,86,None,4.17,叶菜类
北京市,北京朝阳区大洋路综合市场,油麦菜,3.0,3.5,4.0,元/公斤,2025-06-25,2025-06-25 13:29:58,2025-06-25 13:30:47,76E4F160BFEA936CE040A8C020017257,87,None,5.92,叶菜类
北京市,北京朝阳区大洋路综合市场,空心菜,7.0,7.5,8.0,元/公斤,2025-06-25,2025-06-25 13:29:58,2025-06-25 13:30:47,76E4F160BFEA936CE040A8C020017257,89,None,4.06,叶菜类
北京市,北京朝阳区大洋路综合市场,韭菜,2.6,3.1,3.6,元/公斤,2025-06-25,2025-06-25 13:29:58,2025-06-25 13:30:47,76E4F160BFEA936CE040A8C020017257,95,None,4.72,叶菜类
北京市,北京朝阳区大洋路综合市场,小葱,5.0,5.5,6.0,元/公斤,2025-06-25,2025-06-25 13:29:58,2025-06-25 13:30:47,76E4F160BFEA936CE040A8C020017257,1454,None,4.07,叶菜类
北京市,北京朝阳区大洋路综合市场,蒜苗,4.0,6.8,9.6,元/公斤,2025-06-25,2025-06-25 13:29:58,2025-06-25 13:30:47,76E4F160BFEA936CE040A8C020017257,97,None,8.79,叶菜类
北京市,北京朝阳区大洋路综合市场,茴香,1.6,2.3,3.0,元/公斤,2025-06-25,2025-06-25 13:29:58,2025-06-25 13:30:47,76E4F160BFEA936CE040A8C020017257,98,None,2.67,叶菜类
北京市,北京朝阳区大洋路综合市场,白萝卜,1.3,1.45,1.6,元/公斤,2025-06-25,2025-06-25 13:29:58,2025-06-25 13:30:47,76E4F160BFEA936CE040A8C020017257,1234,None,7.73,根和根茎类
北京市,北京朝阳区大洋路综合市场,青萝卜,2.0,2.5,3.0,元/公斤,2025-06-25,2025-06-25 13:29:58,2025-06-25 13:30:47,76E4F160BFEA936CE040A8C020017257,1498,None,2.5,根和根茎类
北京市,北京朝阳区大洋路综合市场,胡萝卜,1.8,1.9,2.0,元/公斤,2025-06-25,2025-06-25 13:29:58,2025-06-25 13:30:47,76E4F160BFEA936CE040A8C020017257,100,None,2.35,根和根茎类
北京市,北京朝阳区大洋路综合市场,土豆,1.2,1.6,2.0,元/公斤,2025-06-25,2025-06-25 13:29:58,2025-06-25 13:30:47,76E4F160BFEA936CE040A8C020017257,101,None,25.53,根和根茎类
北京市,北京朝阳区大洋路综合市场,山药,12.0,13.0,14.0,元/公斤,2025-06-25,2025-06-25 13:29:58,2025-06-25 13:30:47,76E4F160BFEA936CE040A8C020017257,102,None,3.14,根和根茎类
北京市,北京朝阳区大洋路综合市场,芋头,7.0,7.5,8.0,元/公斤,2025-06-25,2025-06-25 13:29:58,2025-06-25 13:30:47,76E4F160BFEA936CE040A8C020017257,103,None,1.91,根和根茎类
北京市,北京朝阳区大洋路综合市场,葱头,2.6,2.8,3.0,元/公斤,2025-06-25,2025-06-25 13:29:58,2025-06-25 13:30:47,76E4F160BFEA936CE040A8C020017257,104,None,4.54,根和根茎类
北京市,北京顺鑫石门国际农产品批发市场集团有限公司,面粉,3.0,3.04,3.08,元/公斤,2025-06-25,2025-06-25 13:30:00,2025-06-25 13:30:47,76E4F160BFE9936CE040A8C020017257,2,None,42.12,谷物
北京市,北京顺鑫石门国际农产品批发市场集团有限公司,大米,4.8,5.0,5.2,元/公斤,2025-06-25,2025-06-25 13:30:00,2025-06-25 13:30:47,76E4F160BFE9936CE040A8C020017257,6,None,42.02,谷物
北京市,北京顺鑫石门国际农产品批发市场集团有限公司,大白菜,0.8,0.9,1.0,元/公斤,2025-06-25,2025-06-25 13:30:00,2025-06-25 13:30:47,76E4F160BFE9936CE040A8C020017257,77,None,122.0,叶菜类
北京市,北京顺鑫石门国际农产品批发市场集团有限公司,洋白菜,1.0,1.1,1.2,元/公斤,2025-06-25,2025-06-25 13:30:00,2025-06-25 13:30:47,76E4F160BFE9936CE040A8C020017257,1451,None,55.0,叶菜类
北京市,北京顺鑫石门国际农产品批发市场集团有限公司,油菜,1.0,1.6,2.2,元/公斤,2025-06-25,2025-06-25 13:30:00,2025-06-25 13:30:47,76E4F160BFE9936CE040A8C020017257,79,None,29.0,叶菜类
北京市,北京顺鑫石门国际农产品批发市场集团有限公司,小白菜,1.8,2.0,2.2,元/公斤,2025-06-25,2025-06-25 13:30:00,2025-06-25 13:30:47,76E4F160BFE9936CE040A8C020017257,80,None,3.0,叶菜类
北京市,北京顺鑫石门国际农产品批发市场集团有限公司,生菜,1.8,2.9,4.0,元/公斤,2025-06-25,2025-06-25 13:30:00,2025-06-25 13:30:47,76E4F160BFE9936CE040A8C020017257,81,None,29.0,叶菜类
北京市,北京顺鑫石门国际农产品批发市场集团有限公司,菠菜,3.4,3.6,3.8,元/公斤,2025-06-25,2025-06-25 13:30:00,2025-06-25 13:30:47,76E4F160BFE9936CE040A8C020017257,82,None,3.0,叶菜类
北京市,北京顺鑫石门国际农产品批发市场集团有限公司,香菜,3.6,4.0,4.4,元/公斤,2025-06-25,2025-06-25 13:30:00,2025-06-25 13:30:47,76E4F160BFE9936CE040A8C020017257,86,None,3.0,叶菜类
北京市,北京顺鑫石门国际农产品批发市场集团有限公司,油麦菜,2.8,3.0,3.2,元/公斤,2025-06-25,2025-06-25 13:30:00,2025-06-25 13:30:47,76E4F160BFE9936CE040A8C020017257,87,None,5.0,叶菜类
北京市,北京顺鑫石门国际农产品批发市场集团有限公司,韭菜,2.0,2.2,2.4,元/公斤,2025-06-25,2025-06-25 13:30:00,2025-06-25 13:30:47,76E4F160BFE9936CE040A8C020017257,95,None,5.0,叶菜类
北京市,北京顺鑫石门国际农产品批发市场集团有限公司,茴香,2.0,2.3,2.6,元/公斤,2025-06-25,2025-06-25 13:30:00,2025-06-25 13:30:47,76E4F160BFE9936CE040A8C020017257,98,None,6.0,叶菜类
北京市,北京顺鑫石门国际农产品批发市场集团有限公司,白萝卜,0.8,0.9,1.0,元/公斤,2025-06-25,2025-06-25 13:30:00,2025-06-25 13:30:47,76E4F160BFE9936CE040A8C020017257,1234,None,40.0,根和根茎类
北京市,北京顺鑫石门国际农产品批发市场集团有限公司,胡萝卜,1.4,1.6,1.8,元/公斤,2025-06-25,2025-06-25 13:30:00,2025-06-25 13:30:47,76E4F160BFE9936CE040A8C020017257,100,None,39.0,根和根茎类
北京市,北京顺鑫石门国际农产品批发市场集团有限公司,土豆,1.2,1.5,1.8,元/公斤,2025-06-25,2025-06-25 13:30:00,2025-06-25 13:30:47,76E4F160BFE9936CE040A8C020017257,101,None,206.0,根和根茎类
北京市,北京顺鑫石门国际农产品批发市场集团有限公司,山药,8.4,8.6,8.8,元/公斤,2025-06-25,2025-06-25 13:30:00,2025-06-25 13:30:47,76E4F160BFE9936CE040A8C020017257,102,None,5.0,根和根茎类
北京市,北京顺鑫石门国际农产品批发市场集团有限公司,葱头,0.9,1.1,1.3,元/公斤,2025-06-25,2025-06-25 13:30:00,2025-06-25 13:30:47,76E4F160BFE9936CE040A8C020017257,104,None,140.0,根和根茎类
北京市,北京顺鑫石门国际农产品批发市场集团有限公司,大葱,1.0,2.0,3.0,元/公斤,2025-06-25,2025-06-25 13:30:00,2025-06-25 13:30:47,76E4F160BFE9936CE040A8C020017257,105,None,34.0,根和根茎类
北京市,北京顺鑫石门国际农产品批发市场集团有限公司,生姜,7.0,9.0,11.0,元/公斤,2025-06-25,2025-06-25 13:30:00,2025-06-25 13:30:47,76E4F160BFE9936CE040A8C020017257,106,None,11.0,根和根茎类
北京市,北京顺鑫石门国际农产品批发市场集团有限公司,大蒜,5.0,6.0,7.0,元/公斤,2025-06-25,2025-06-25 13:30:00,2025-06-25 13:30:47,76E4F160BFE9936CE040A8C020017257,107,None,14.0,根和根茎类
北京市,北京京丰岳各庄农副产品批发市场,大白菜,1.4,1.8,2.4,元/公斤,2025-06-25,2025-06-25 13:30:02,2025-06-25 13:30:47,76E4F160BFCE936CE040A8C020017257,77,None,30.0,叶菜类
北京市,北京京丰岳各庄农副产品批发市场,洋白菜,1.4,1.6,2.0,元/公斤,2025-06-25,2025-06-25 13:30:02,2025-06-25 13:30:47,76E4F160BFCE936CE040A8C020017257,1451,None,30.0,叶菜类
北京市,北京京丰岳各庄农副产品批发市场,油菜,2.6,3.0,3.2,元/公斤,2025-06-25,2025-06-25 13:30:02,2025-06-25 13:30:47,76E4F160BFCE936CE040A8C020017257,79,None,23.5,叶菜类
北京市,北京京丰岳各庄农副产品批发市场,小白菜,2.4,3.0,4.4,元/公斤,2025-06-25,2025-06-25 13:30:02,2025-06-25 13:30:47,76E4F160BFCE936CE040A8C020017257,80,None,18.5,叶菜类
北京市,北京京丰岳各庄农副产品批发市场,生菜,3.6,4.0,5.0,元/公斤,2025-06-25,2025-06-25 13:30:02,2025-06-25 13:30:47,76E4F160BFCE936CE040A8C020017257,81,None,14.0,叶菜类
北京市,北京京丰岳各庄农副产品批发市场,菠菜,5.6,6.0,6.6,元/公斤,2025-06-25,2025-06-25 13:30:02,2025-06-25 13:30:47,76E4F160BFCE936CE040A8C020017257,82,None,16.0,叶菜类
北京市,北京京丰岳各庄农副产品批发市场,茼蒿,10.0,11.0,12.0,元/公斤,2025-06-25,2025-06-25 13:30:02,2025-06-25 13:30:47,76E4F160BFCE936CE040A8C020017257,84,None,8.6,叶菜类
北京市,北京京丰岳各庄农副产品批发市场,韭菜,4.0,4.4,5.0,元/公斤,2025-06-25,2025-06-25 13:30:02,2025-06-25 13:30:47,76E4F160BFCE936CE040A8C020017257,95,None,14.4,叶菜类
北京市,北京京丰岳各庄农副产品批发市场,白萝卜,1.6,1.8,2.4,元/公斤,2025-06-25,2025-06-25 13:30:02,2025-06-25 13:30:47,76E4F160BFCE936CE040A8C020017257,1234,None,18.0,根和根茎类
北京市,北京京丰岳各庄农副产品批发市场,胡萝卜,2.2,2.6,4.0,元/公斤,2025-06-25,2025-06-25 13:30:02,2025-06-25 13:30:47,76E4F160BFCE936CE040A8C020017257,100,None,19.0,根和根茎类
北京市,北京京丰岳各庄农副产品批发市场,土豆,2.0,2.4,3.0,元/公斤,2025-06-25,2025-06-25 13:30:02,2025-06-25 13:30:47,76E4F160BFCE936CE040A8C020017257,101,None,21.5,根和根茎类
北京市,北京京丰岳各庄农副产品批发市场,葱头,1.2,1.6,2.2,元/公斤,2025-06-25,2025-06-25 13:30:02,2025-06-25 13:30:47,76E4F160BFCE936CE040A8C020017257,104,None,24.1,根和根茎类
北京市,北京京丰岳各庄农副产品批发市场,大葱,2.6,2.8,4.0,元/公斤,2025-06-25,2025-06-25 13:30:02,2025-06-25 13:30:47,76E4F160BFCE936CE040A8C020017257,105,None,25.0,根和根茎类
北京市,北京京丰岳各庄农副产品批发市场,生姜,10.0,11.4,12.0,元/公斤,2025-06-25,2025-06-25 13:30:02,2025-06-25 13:30:47,76E4F160BFCE936CE040A8C020017257,106,None,17.0,根和根茎类
北京市,北京京丰岳各庄农副产品批发市场,大蒜,10.0,11.0,12.0,元/公斤,2025-06-25,2025-06-25 13:30:02,2025-06-25 13:30:47,76E4F160BFCE936CE040A8C020017257,107,None,19.5,根和根茎类
北京市,北京京丰岳各庄农副产品批发市场,芹菜,2.4,2.6,3.0,元/公斤,2025-06-25,2025-06-25 13:30:02,2025-06-25 13:30:47,76E4F160BFCE936CE040A8C020017257,109,None,19.0,根和根茎类
北京市,北京京丰岳各庄农副产品批发市场,莴笋,2.4,2.8,4.0,元/公斤,2025-06-25,2025-06-25 13:30:02,2025-06-25 13:30:47,76E4F160BFCE936CE040A8C020017257,110,None,18.0,根和根茎类
北京市,北京京丰岳各庄农副产品批发市场,莲藕,9.0,10.0,14.0,元/公斤,2025-06-25,2025-06-25 13:30:02,2025-06-25 13:30:47,76E4F160BFCE936CE040A8C020017257,112,None,10.6,根和根茎类
北京市,北京京丰岳各庄农副产品批发市场,蒜薹,5.0,6.0,8.0,元/公斤,2025-06-25,2025-06-25 13:30:02,2025-06-25 13:30:47,76E4F160BFCE936CE040A8C020017257,119,None,14.0,根和根茎类
北京市,北京京丰岳各庄农副产品批发市场,菜花,3.0,3.6,4.0,元/公斤,2025-06-25,2025-06-25 13:30:02,2025-06-25 13:30:47,76E4F160BFCE936CE040A8C020017257,129,None,22.0,芽、花类
天津市,天津韩家墅海吉星农产品物流有限公司,面粉,3.6,5.0,6.4,元/公斤,2025-06-25,2025-06-25 13:30:08,2025-06-25 13:30:47,76E4F160C1C0936CE040A8C020017257,2,河北、山东、天津,11.45,谷物
天津市,天津韩家墅海吉星农产品物流有限公司,大米,4.8,5.4,6.0,元/公斤,2025-06-25,2025-06-25 13:30:08,2025-06-25 13:30:47,76E4F160C1C0936CE040A8C020017257,6,山东、天津、黑龙江,10.41,谷物
天津市,天津韩家墅海吉星农产品物流有限公司,大白菜,0.8,0.9,1.0,元/公斤,2025-06-25,2025-06-25 13:30:08,2025-06-25 13:30:47,76E4F160C1C0936CE040A8C020017257,77,河北玉田,60.0,叶菜类
天津市,天津韩家墅海吉星农产品物流有限公司,洋白菜,1.2,1.5,1.8,元/公斤,2025-06-25,2025-06-25 13:30:08,2025-06-25 13:30:47,76E4F160C1C0936CE040A8C020017257,1451,邯郸山东,45.0,叶菜类
天津市,天津韩家墅海吉星农产品物流有限公司,油菜,2.0,2.3,2.6,元/公斤,2025-06-25,2025-06-25 13:30:08,2025-06-25 13:30:47,76E4F160C1C0936CE040A8C020017257,79,天津、北京大兴,13.0,叶菜类
天津市,天津韩家墅海吉星农产品物流有限公司,生菜,2.0,2.2,2.4,元/公斤,2025-06-25,2025-06-25 13:30:08,2025-06-25 13:30:47,76E4F160C1C0936CE040A8C020017257,81,北京、山东,20.0,叶菜类
天津市,天津韩家墅海吉星农产品物流有限公司,菠菜,5.0,5.5,6.0,元/公斤,2025-06-25,2025-06-25 13:30:08,2025-06-25 13:30:47,76E4F160C1C0936CE040A8C020017257,82,河北香河,10.0,叶菜类
天津市,天津韩家墅海吉星农产品物流有限公司,香菜,8.0,9.0,10.0,元/公斤,2025-06-25,2025-06-25 13:30:08,2025-06-25 13:30:47,76E4F160C1C0936CE040A8C020017257,86,河北玉田,6.0,叶菜类
天津市,天津韩家墅海吉星农产品物流有限公司,油麦菜,3.6,4.1,4.6,元/公斤,2025-06-25,2025-06-25 13:30:08,2025-06-25 13:30:47,76E4F160C1C0936CE040A8C020017257,87,天津,10.0,叶菜类
天津市,天津韩家墅海吉星农产品物流有限公司,韭菜,2.4,2.7,3.0,元/公斤,2025-06-25,2025-06-25 13:30:08,2025-06-25 13:30:47,76E4F160C1C0936CE040A8C020017257,95,河北、河南,16.0,叶菜类
天津市,天津韩家墅海吉星农产品物流有限公司,茴香,2.0,2.5,3.0,元/公斤,2025-06-25,2025-06-25 13:30:08,2025-06-25 13:30:47,76E4F160C1C0936CE040A8C020017257,98,天津,10.0,叶菜类
天津市,天津韩家墅海吉星农产品物流有限公司,胡萝卜,1.0,1.3,1.6,元/公斤,2025-06-25,2025-06-25 13:30:08,2025-06-25 13:30:47,76E4F160C1C0936CE040A8C020017257,100,山东寿光,10.0,根和根茎类
天津市,天津韩家墅海吉星农产品物流有限公司,土豆,1.2,1.5,1.8,元/公斤,2025-06-25,2025-06-25 13:30:08,2025-06-25 13:30:47,76E4F160C1C0936CE040A8C020017257,101,内蒙古,60.0,根和根茎类
天津市,天津韩家墅海吉星农产品物流有限公司,山药,7.0,8.5,10.0,元/公斤,2025-06-25,2025-06-25 13:30:08,2025-06-25 13:30:47,76E4F160C1C0936CE040A8C020017257,102,河北邯郸,7.0,根和根茎类
天津市,天津韩家墅海吉星农产品物流有限公司,芋头,10.0,10.5,11.0,元/公斤,2025-06-25,2025-06-25 13:30:08,2025-06-25 13:30:47,76E4F160C1C0936CE040A8C020017257,103,河北玉田,5.0,根和根茎类
天津市,天津韩家墅海吉星农产品物流有限公司,葱头,1.4,1.5,1.6,元/公斤,2025-06-25,2025-06-25 13:30:08,2025-06-25 13:30:47,76E4F160C1C0936CE040A8C020017257,104,甘肃,35.0,根和根茎类
天津市,天津韩家墅海吉星农产品物流有限公司,大葱,2.0,2.2,2.4,元/公斤,2025-06-25,2025-06-25 13:30:08,2025-06-25 13:30:47,76E4F160C1C0936CE040A8C020017257,105,山东、天津,35.0,根和根茎类
天津市,天津韩家墅海吉星农产品物流有限公司,生姜,8.4,9.4,10.4,元/公斤,2025-06-25,2025-06-25 13:30:08,2025-06-25 13:30:47,76E4F160C1C0936CE040A8C020017257,106,山东莱芜,30.0,根和根茎类
天津市,天津韩家墅海吉星农产品物流有限公司,大蒜,8.0,8.5,9.0,元/公斤,2025-06-25,2025-06-25 13:30:08,2025-06-25 13:30:47,76E4F160C1C0936CE040A8C020017257,107,山东莱芜,32.0,根和根茎类
天津市,天津韩家墅海吉星农产品物流有限公司,芹菜,1.2,1.5,1.8,元/公斤,2025-06-25,2025-06-25 13:30:08,2025-06-25 13:30:47,76E4F160C1C0936CE040A8C020017257,109,天津武清,20.0,根和根茎类
天津市,天津市金钟河蔬菜贸易中心,大白菜,0.8,1.0,1.0,元/公斤,2025-06-25,2025-06-25 13:30:10,2025-06-25 13:30:47,76E4F160BFF6936CE040A8C020017257,77,None,120.0,叶菜类
天津市,天津市金钟河蔬菜贸易中心,洋白菜,1.2,1.2,2.0,元/公斤,2025-06-25,2025-06-25 13:30:10,2025-06-25 13:30:47,76E4F160BFF6936CE040A8C020017257,1451,None,120.0,叶菜类
天津市,天津市金钟河蔬菜贸易中心,油菜,2.0,2.4,3.0,元/公斤,2025-06-25,2025-06-25 13:30:10,2025-06-25 13:30:47,76E4F160BFF6936CE040A8C020017257,79,None,30.0,叶菜类
天津市,天津市金钟河蔬菜贸易中心,小白菜,1.0,1.2,1.6,元/公斤,2025-06-25,2025-06-25 13:30:10,2025-06-25 13:30:47,76E4F160BFF6936CE040A8C020017257,80,None,30.0,叶菜类
天津市,天津市金钟河蔬菜贸易中心,生菜,3.0,3.4,6.0,元/公斤,2025-06-25,2025-06-25 13:30:10,2025-06-25 13:30:47,76E4F160BFF6936CE040A8C020017257,81,None,50.0,叶菜类
天津市,天津市金钟河蔬菜贸易中心,菠菜,6.0,6.0,8.0,元/公斤,2025-06-25,2025-06-25 13:30:10,2025-06-25 13:30:47,76E4F160BFF6936CE040A8C020017257,82,None,50.0,叶菜类
天津市,天津市金钟河蔬菜贸易中心,茼蒿,6.0,7.0,8.0,元/公斤,2025-06-25,2025-06-25 13:30:10,2025-06-25 13:30:47,76E4F160BFF6936CE040A8C020017257,84,None,10.0,叶菜类
天津市,天津市金钟河蔬菜贸易中心,香菜,6.0,7.0,10.0,元/公斤,2025-06-25,2025-06-25 13:30:10,2025-06-25 13:30:47,76E4F160BFF6936CE040A8C020017257,86,None,30.0,叶菜类
天津市,天津市金钟河蔬菜贸易中心,油麦菜,3.0,5.0,5.0,元/公斤,2025-06-25,2025-06-25 13:30:10,2025-06-25 13:30:47,76E4F160BFF6936CE040A8C020017257,87,None,30.0,叶菜类
天津市,天津市金钟河蔬菜贸易中心,韭菜,2.0,3.4,4.0,元/公斤,2025-06-25,2025-06-25 13:30:10,2025-06-25 13:30:47,76E4F160BFF6936CE040A8C020017257,95,None,50.0,叶菜类
天津市,天津市金钟河蔬菜贸易中心,茴香,2.0,3.6,4.0,元/公斤,2025-06-25,2025-06-25 13:30:10,2025-06-25 13:30:47,76E4F160BFF6936CE040A8C020017257,98,None,20.0,叶菜类
天津市,天津市金钟河蔬菜贸易中心,白萝卜,1.2,1.2,1.6,元/公斤,2025-06-25,2025-06-25 13:30:10,2025-06-25 13:30:47,76E4F160BFF6936CE040A8C020017257,1234,None,45.0,根和根茎类
天津市,天津市金钟河蔬菜贸易中心,胡萝卜,2.0,2.0,3.0,元/公斤,2025-06-25,2025-06-25 13:30:10,2025-06-25 13:30:47,76E4F160BFF6936CE040A8C020017257,100,None,30.0,根和根茎类
天津市,天津市金钟河蔬菜贸易中心,土豆,1.6,1.8,2.0,元/公斤,2025-06-25,2025-06-25 13:30:10,2025-06-25 13:30:47,76E4F160BFF6936CE040A8C020017257,101,None,120.0,根和根茎类
天津市,天津市金钟河蔬菜贸易中心,葱头,1.0,1.0,2.0,元/公斤,2025-06-25,2025-06-25 13:30:10,2025-06-25 13:30:47,76E4F160BFF6936CE040A8C020017257,104,None,100.0,根和根茎类
天津市,天津市金钟河蔬菜贸易中心,大葱,1.6,2.0,2.2,元/公斤,2025-06-25,2025-06-25 13:30:10,2025-06-25 13:30:47,76E4F160BFF6936CE040A8C020017257,105,None,120.0,根和根茎类
天津市,天津市金钟河蔬菜贸易中心,生姜,8.0,9.0,10.0,元/公斤,2025-06-25,2025-06-25 13:30:10,2025-06-25 13:30:47,76E4F160BFF6936CE040A8C020017257,106,None,25.0,根和根茎类
天津市,天津市金钟河蔬菜贸易中心,大蒜,8.0,9.0,10.0,元/公斤,2025-06-25,2025-06-25 13:30:10,2025-06-25 13:30:47,76E4F160BFF6936CE040A8C020017257,107,None,25.0,根和根茎类
天津市,天津市金钟河蔬菜贸易中心,芹菜,1.6,1.8,2.0,元/公斤,2025-06-25,2025-06-25 13:30:10,2025-06-25 13:30:47,76E4F160BFF6936CE040A8C020017257,109,None,80.0,根和根茎类
天津市,天津市金钟河蔬菜贸易中心,青笋,3.0,3.4,4.0,元/公斤,2025-06-25,2025-06-25 13:30:10,2025-06-25 13:30:47,76E4F160BFF6936CE040A8C020017257,1452,None,10.0,根和根茎类
天津市,天津何庄子农产品批发市场,面粉,4.4,4.4,4.6,元/公斤,2025-06-25,2025-06-25 13:30:12,2025-06-25 13:30:47,76E4F160BFF4936CE040A8C020017257,2,None,0.0,谷物
天津市,天津何庄子农产品批发市场,大米,4.2,4.2,4.2,元/公斤,2025-06-25,2025-06-25 13:30:12,2025-06-25 13:30:47,76E4F160BFF4936CE040A8C020017257,6,None,0.0,谷物
天津市,天津何庄子农产品批发市场,大白菜,1.0,1.0,1.2,元/公斤,2025-06-25,2025-06-25 13:30:12,2025-06-25 13:30:47,76E4F160BFF4936CE040A8C020017257,77,None,0.0,叶菜类
天津市,天津何庄子农产品批发市场,洋白菜,1.0,1.0,1.6,元/公斤,2025-06-25,2025-06-25 13:30:12,2025-06-25 13:30:47,76E4F160BFF4936CE040A8C020017257,1451,None,0.0,叶菜类
天津市,天津何庄子农产品批发市场,油菜,2.0,2.0,2.6,元/公斤,2025-06-25,2025-06-25 13:30:12,2025-06-25 13:30:47,76E4F160BFF4936CE040A8C020017257,79,None,0.0,叶菜类
天津市,天津何庄子农产品批发市场,小白菜,1.6,1.6,2.0,元/公斤,2025-06-25,2025-06-25 13:30:12,2025-06-25 13:30:47,76E4F160BFF4936CE040A8C020017257,80,None,0.0,叶菜类
天津市,天津何庄子农产品批发市场,生菜,3.0,3.0,4.0,元/公斤,2025-06-25,2025-06-25 13:30:12,2025-06-25 13:30:47,76E4F160BFF4936CE040A8C020017257,81,None,0.0,叶菜类
天津市,天津何庄子农产品批发市场,菠菜,3.0,4.0,6.0,元/公斤,2025-06-25,2025-06-25 13:30:12,2025-06-25 13:30:47,76E4F160BFF4936CE040A8C020017257,82,None,0.0,叶菜类
天津市,天津何庄子农产品批发市场,香菜,6.0,7.0,8.0,元/公斤,2025-06-25,2025-06-25 13:30:12,2025-06-25 13:30:47,76E4F160BFF4936CE040A8C020017257,86,None,0.0,叶菜类
天津市,天津何庄子农产品批发市场,油麦菜,4.0,4.0,4.6,元/公斤,2025-06-25,2025-06-25 13:30:12,2025-06-25 13:30:47,76E4F160BFF4936CE040A8C020017257,87,None,0.0,叶菜类
天津市,天津何庄子农产品批发市场,韭菜,3.0,3.0,3.6,元/公斤,2025-06-25,2025-06-25 13:30:12,2025-06-25 13:30:47,76E4F160BFF4936CE040A8C020017257,95,None,0.0,叶菜类
天津市,天津何庄子农产品批发市场,茴香,2.0,2.0,3.0,元/公斤,2025-06-25,2025-06-25 13:30:12,2025-06-25 13:30:47,76E4F160BFF4936CE040A8C020017257,98,None,0.0,叶菜类
天津市,天津何庄子农产品批发市场,白萝卜,1.4,1.4,1.6,元/公斤,2025-06-25,2025-06-25 13:30:12,2025-06-25 13:30:47,76E4F160BFF4936CE040A8C020017257,1234,None,0.0,根和根茎类
天津市,天津何庄子农产品批发市场,胡萝卜,1.6,1.6,2.4,元/公斤,2025-06-25,2025-06-25 13:30:12,2025-06-25 13:30:47,76E4F160BFF4936CE040A8C020017257,100,None,0.0,根和根茎类
天津市,天津何庄子农产品批发市场,土豆,1.4,2.0,2.0,元/公斤,2025-06-25,2025-06-25 13:30:12,2025-06-25 13:30:47,76E4F160BFF4936CE040A8C020017257,101,None,0.0,根和根茎类
天津市,天津何庄子农产品批发市场,山药,10.0,10.0,16.0,元/公斤,2025-06-25,2025-06-25 13:30:12,2025-06-25 13:30:47,76E4F160BFF4936CE040A8C020017257,102,None,0.0,根和根茎类
天津市,天津何庄子农产品批发市场,葱头,1.0,1.0,1.2,元/公斤,2025-06-25,2025-06-25 13:30:12,2025-06-25 13:30:47,76E4F160BFF4936CE040A8C020017257,104,None,0.0,根和根茎类
天津市,天津何庄子农产品批发市场,大葱,1.8,2.0,2.4,元/公斤,2025-06-25,2025-06-25 13:30:12,2025-06-25 13:30:47,76E4F160BFF4936CE040A8C020017257,105,None,0.0,根和根茎类
天津市,天津何庄子农产品批发市场,生姜,6.0,8.0,10.0,元/公斤,2025-06-25,2025-06-25 13:30:12,2025-06-25 13:30:47,76E4F160BFF4936CE040A8C020017257,106,None,0.0,根和根茎类
天津市,天津何庄子农产品批发市场,大蒜,6.0,8.0,10.0,元/公斤,2025-06-25,2025-06-25 13:30:12,2025-06-25 13:30:47,76E4F160BFF4936CE040A8C020017257,107,None,0.0,根和根茎类
河北省,邯郸开发区滏东现代农业管理有限公司,大白菜,0.3,0.8,1.2,元/公斤,2025-06-25,2025-06-25 13:30:18,2025-06-25 13:30:47,ccdcc869-f3f3-4289-a147-c21ccc021be7,77,None,0.0,叶菜类
河北省,邯郸开发区滏东现代农业管理有限公司,甘蓝,0.3,0.4,0.6,元/公斤,2025-06-25,2025-06-25 13:30:18,2025-06-25 13:30:47,ccdcc869-f3f3-4289-a147-c21ccc021be7,78,None,0.0,叶菜类
河北省,邯郸开发区滏东现代农业管理有限公司,油菜,0.8,1.2,1.9,元/公斤,2025-06-25,2025-06-25 13:30:18,2025-06-25 13:30:47,ccdcc869-f3f3-4289-a147-c21ccc021be7,79,None,0.0,叶菜类
河北省,邯郸开发区滏东现代农业管理有限公司,小白菜,0.8,1.0,1.2,元/公斤,2025-06-25,2025-06-25 13:30:18,2025-06-25 13:30:47,ccdcc869-f3f3-4289-a147-c21ccc021be7,80,None,0.0,叶菜类
河北省,邯郸开发区滏东现代农业管理有限公司,生菜,2.6,2.6,3.0,元/公斤,2025-06-25,2025-06-25 13:30:18,2025-06-25 13:30:47,ccdcc869-f3f3-4289-a147-c21ccc021be7,81,None,0.0,叶菜类
河北省,邯郸开发区滏东现代农业管理有限公司,菠菜,1.2,3.2,3.6,元/公斤,2025-06-25,2025-06-25 13:30:18,2025-06-25 13:30:47,ccdcc869-f3f3-4289-a147-c21ccc021be7,82,None,0.0,叶菜类
河北省,邯郸开发区滏东现代农业管理有限公司,茼蒿,2.2,2.4,2.6,元/公斤,2025-06-25,2025-06-25 13:30:18,2025-06-25 13:30:47,ccdcc869-f3f3-4289-a147-c21ccc021be7,84,None,0.0,叶菜类
河北省,邯郸开发区滏东现代农业管理有限公司,香菜,4.0,7.0,8.6,元/公斤,2025-06-25,2025-06-25 13:30:18,2025-06-25 13:30:47,ccdcc869-f3f3-4289-a147-c21ccc021be7,86,None,0.0,叶菜类
河北省,邯郸开发区滏东现代农业管理有限公司,油麦菜,2.2,2.6,3.0,元/公斤,2025-06-25,2025-06-25 13:30:18,2025-06-25 13:30:47,ccdcc869-f3f3-4289-a147-c21ccc021be7,87,None,0.0,叶菜类
河北省,邯郸开发区滏东现代农业管理有限公司,空心菜,1.8,2.0,2.6,元/公斤,2025-06-25,2025-06-25 13:30:18,2025-06-25 13:30:47,ccdcc869-f3f3-4289-a147-c21ccc021be7,89,None,0.0,叶菜类
河北省,邯郸开发区滏东现代农业管理有限公司,韭菜,1.6,2.4,3.0,元/公斤,2025-06-25,2025-06-25 13:30:18,2025-06-25 13:30:47,ccdcc869-f3f3-4289-a147-c21ccc021be7,95,None,0.0,叶菜类
河北省,邯郸开发区滏东现代农业管理有限公司,小葱,2.0,2.2,2.6,元/公斤,2025-06-25,2025-06-25 13:30:18,2025-06-25 13:30:47,ccdcc869-f3f3-4289-a147-c21ccc021be7,1454,None,0.0,叶菜类
河北省,邯郸开发区滏东现代农业管理有限公司,蒜苗,1.2,1.8,2.0,元/公斤,2025-06-25,2025-06-25 13:30:18,2025-06-25 13:30:47,ccdcc869-f3f3-4289-a147-c21ccc021be7,97,None,0.0,叶菜类
河北省,邯郸开发区滏东现代农业管理有限公司,茴香,1.6,2.0,2.4,元/公斤,2025-06-25,2025-06-25 13:30:18,2025-06-25 13:30:47,ccdcc869-f3f3-4289-a147-c21ccc021be7,98,None,0.0,叶菜类
河北省,邯郸开发区滏东现代农业管理有限公司,白萝卜,1.0,1.2,1.3,元/公斤,2025-06-25,2025-06-25 13:30:18,2025-06-25 13:30:47,ccdcc869-f3f3-4289-a147-c21ccc021be7,1234,None,0.0,根和根茎类
河北省,邯郸开发区滏东现代农业管理有限公司,胡萝卜,1.4,1.6,1.8,元/公斤,2025-06-25,2025-06-25 13:30:18,2025-06-25 13:30:47,ccdcc869-f3f3-4289-a147-c21ccc021be7,100,None,0.0,根和根茎类
河北省,邯郸开发区滏东现代农业管理有限公司,土豆,0.8,1.2,1.4,元/公斤,2025-06-25,2025-06-25 13:30:18,2025-06-25 13:30:47,ccdcc869-f3f3-4289-a147-c21ccc021be7,101,None,0.0,根和根茎类
河北省,邯郸开发区滏东现代农业管理有限公司,山药,4.4,4.6,4.8,元/公斤,2025-06-25,2025-06-25 13:30:18,2025-06-25 13:30:47,ccdcc869-f3f3-4289-a147-c21ccc021be7,102,None,0.0,根和根茎类
河北省,邯郸开发区滏东现代农业管理有限公司,大葱,1.8,1.9,2.0,元/公斤,2025-06-25,2025-06-25 13:30:18,2025-06-25 13:30:47,ccdcc869-f3f3-4289-a147-c21ccc021be7,105,None,0.0,根和根茎类
河北省,邯郸开发区滏东现代农业管理有限公司,生姜,7.6,7.8,8.2,元/公斤,2025-06-25,2025-06-25 13:30:18,2025-06-25 13:30:47,ccdcc869-f3f3-4289-a147-c21ccc021be7,106,None,0.0,根和根茎类
河北省,威县冀南瓜菜有限公司,西红柿,0.0,1.6,0.0,元/公斤,2025-06-25,2025-06-25 13:30:20,2025-06-25 13:30:47,76E4F160C012936CE040A8C020017257,135,None,0.0,瓜果类
河北省,威县冀南瓜菜有限公司,圆茄子,0.0,1.2,0.0,元/公斤,2025-06-25,2025-06-25 13:30:20,2025-06-25 13:30:47,76E4F160C012936CE040A8C020017257,1229,None,0.0,瓜果类
河北省,威县冀南瓜菜有限公司,豇豆,0.0,4.0,0.0,元/公斤,2025-06-25,2025-06-25 13:30:20,2025-06-25 13:30:47,76E4F160C012936CE040A8C020017257,152,None,0.0,瓜果类
河北省,威县冀南瓜菜有限公司,西瓜,0.0,1.2,0.0,元/公斤,2025-06-25,2025-06-25 13:30:20,2025-06-25 13:30:47,76E4F160C012936CE040A8C020017257,229,None,0.0,瓜类水果
河北省,河北唐山市荷花坑市场经营管理有限公司,红小豆,5.6,7.0,8.6,元/公斤,2025-06-25,2025-06-25 13:30:22,2025-06-25 13:30:47,76E4F160C011936CE040A8C020017257,22,None,0.1,豆类
河北省,河北唐山市荷花坑市场经营管理有限公司,大白菜,0.8,1.0,1.2,元/公斤,2025-06-25,2025-06-25 13:30:22,2025-06-25 13:30:47,76E4F160C011936CE040A8C020017257,77,None,0.1,叶菜类
河北省,河北唐山市荷花坑市场经营管理有限公司,生菜,3.0,3.3,3.6,元/公斤,2025-06-25,2025-06-25 13:30:22,2025-06-25 13:30:47,76E4F160C011936CE040A8C020017257,81,None,0.1,叶菜类
河北省,河北唐山市荷花坑市场经营管理有限公司,香菜,4.0,6.0,8.0,元/公斤,2025-06-25,2025-06-25 13:30:22,2025-06-25 13:30:47,76E4F160C011936CE040A8C020017257,86,None,0.1,叶菜类
河北省,河北唐山市荷花坑市场经营管理有限公司,茴香,2.4,2.7,3.0,元/公斤,2025-06-25,2025-06-25 13:30:22,2025-06-25 13:30:47,76E4F160C011936CE040A8C020017257,98,None,0.1,叶菜类
河北省,河北唐山市荷花坑市场经营管理有限公司,红萝卜,1.6,1.8,2.0,元/公斤,2025-06-25,2025-06-25 13:30:22,2025-06-25 13:30:47,76E4F160C011936CE040A8C020017257,1233,None,0.1,根和根茎类
河北省,河北唐山市荷花坑市场经营管理有限公司,胡萝卜,3.0,3.3,3.6,元/公斤,2025-06-25,2025-06-25 13:30:22,2025-06-25 13:30:47,76E4F160C011936CE040A8C020017257,100,None,0.1,根和根茎类
河北省,河北唐山市荷花坑市场经营管理有限公司,土豆,1.6,2.0,2.4,元/公斤,2025-06-25,2025-06-25 13:30:22,2025-06-25 13:30:47,76E4F160C011936CE040A8C020017257,101,None,0.1,根和根茎类
河北省,河北唐山市荷花坑市场经营管理有限公司,山药,8.0,10.0,12.0,元/公斤,2025-06-25,2025-06-25 13:30:22,2025-06-25 13:30:47,76E4F160C011936CE040A8C020017257,102,None,0.1,根和根茎类
河北省,河北唐山市荷花坑市场经营管理有限公司,葱头,2.0,2.2,2.4,元/公斤,2025-06-25,2025-06-25 13:30:22,2025-06-25 13:30:47,76E4F160C011936CE040A8C020017257,104,None,0.1,根和根茎类
河北省,河北唐山市荷花坑市场经营管理有限公司,大葱,2.0,2.2,2.4,元/公斤,2025-06-25,2025-06-25 13:30:22,2025-06-25 13:30:47,76E4F160C011936CE040A8C020017257,105,None,0.1,根和根茎类
河北省,河北唐山市荷花坑市场经营管理有限公司,生姜,6.0,7.8,9.6,元/公斤,2025-06-25,2025-06-25 13:30:22,2025-06-25 13:30:47,76E4F160C011936CE040A8C020017257,106,None,0.1,根和根茎类
河北省,河北唐山市荷花坑市场经营管理有限公司,大蒜,6.0,8.0,10.0,元/公斤,2025-06-25,2025-06-25 13:30:22,2025-06-25 13:30:47,76E4F160C011936CE040A8C020017257,107,None,0.1,根和根茎类
河北省,河北唐山市荷花坑市场经营管理有限公司,芹菜,1.2,1.4,1.6,元/公斤,2025-06-25,2025-06-25 13:30:22,2025-06-25 13:30:47,76E4F160C011936CE040A8C020017257,109,None,0.1,根和根茎类
河北省,河北唐山市荷花坑市场经营管理有限公司,青笋,2.0,2.2,2.4,元/公斤,2025-06-25,2025-06-25 13:30:22,2025-06-25 13:30:47,76E4F160C011936CE040A8C020017257,1452,None,0.1,根和根茎类
河北省,河北唐山市荷花坑市场经营管理有限公司,蒜薹,5.0,6.5,8.0,元/公斤,2025-06-25,2025-06-25 13:30:22,2025-06-25 13:30:47,76E4F160C011936CE040A8C020017257,119,None,0.1,根和根茎类
河北省,河北唐山市荷花坑市场经营管理有限公司,尖椒,2.8,3.1,3.4,元/公斤,2025-06-25,2025-06-25 13:30:22,2025-06-25 13:30:47,76E4F160C011936CE040A8C020017257,136,None,0.1,瓜果类
河北省,河北唐山市荷花坑市场经营管理有限公司,青椒,2.0,2.2,2.4,元/公斤,2025-06-25,2025-06-25 13:30:22,2025-06-25 13:30:47,76E4F160C011936CE040A8C020017257,137,None,0.1,瓜果类
河北省,河北唐山市荷花坑市场经营管理有限公司,茄子,1.2,1.4,1.6,元/公斤,2025-06-25,2025-06-25 13:30:22,2025-06-25 13:30:47,76E4F160C011936CE040A8C020017257,138,None,0.1,瓜果类
河北省,河北唐山市荷花坑市场经营管理有限公司,黄瓜,1.6,1.8,2.0,元/公斤,2025-06-25,2025-06-25 13:30:22,2025-06-25 13:30:47,76E4F160C011936CE040A8C020017257,139,None,0.1,瓜果类
山西省,运城蔬菜批发市场有限公司,大白菜,0.8,1.0,1.2,元/公斤,2025-06-25,2025-06-25 13:30:28,2025-06-25 13:30:47,76E4F160C01F936CE040A8C020017257,77,None,0.0,叶菜类
山西省,运城蔬菜批发市场有限公司,洋白菜,1.2,1.4,1.6,元/公斤,2025-06-25,2025-06-25 13:30:28,2025-06-25 13:30:47,76E4F160C01F936CE040A8C020017257,1451,None,0.0,叶菜类
山西省,运城蔬菜批发市场有限公司,生菜,3.6,3.8,4.6,元/公斤,2025-06-25,2025-06-25 13:30:28,2025-06-25 13:30:47,76E4F160C01F936CE040A8C020017257,81,None,0.0,叶菜类
山西省,运城蔬菜批发市场有限公司,菠菜,4.0,4.1,5.4,元/公斤,2025-06-25,2025-06-25 13:30:28,2025-06-25 13:30:47,76E4F160C01F936CE040A8C020017257,82,None,0.0,叶菜类
山西省,运城蔬菜批发市场有限公司,空心菜,8.8,9.0,11.0,元/公斤,2025-06-25,2025-06-25 13:30:28,2025-06-25 13:30:47,76E4F160C01F936CE040A8C020017257,89,None,0.0,叶菜类
山西省,运城蔬菜批发市场有限公司,韭菜,2.3,2.5,3.0,元/公斤,2025-06-25,2025-06-25 13:30:28,2025-06-25 13:30:47,76E4F160C01F936CE040A8C020017257,95,None,0.0,叶菜类
山西省,运城蔬菜批发市场有限公司,红萝卜,1.6,1.7,2.0,元/公斤,2025-06-25,2025-06-25 13:30:28,2025-06-25 13:30:47,76E4F160C01F936CE040A8C020017257,1233,None,0.0,根和根茎类
山西省,运城蔬菜批发市场有限公司,白萝卜,1.8,2.0,2.4,元/公斤,2025-06-25,2025-06-25 13:30:28,2025-06-25 13:30:47,76E4F160C01F936CE040A8C020017257,1234,None,0.0,根和根茎类
山西省,运城蔬菜批发市场有限公司,水萝卜,2.6,2.8,3.0,元/公斤,2025-06-25,2025-06-25 13:30:28,2025-06-25 13:30:47,76E4F160C01F936CE040A8C020017257,1235,None,0.0,根和根茎类
山西省,运城蔬菜批发市场有限公司,胡萝卜,1.6,2.0,2.2,元/公斤,2025-06-25,2025-06-25 13:30:28,2025-06-25 13:30:47,76E4F160C01F936CE040A8C020017257,100,None,0.0,根和根茎类
山西省,运城蔬菜批发市场有限公司,土豆,1.6,1.7,2.0,元/公斤,2025-06-25,2025-06-25 13:30:28,2025-06-25 13:30:47,76E4F160C01F936CE040A8C020017257,101,None,0.0,根和根茎类
山西省,运城蔬菜批发市场有限公司,葱头,0.8,1.0,1.2,元/公斤,2025-06-25,2025-06-25 13:30:28,2025-06-25 13:30:47,76E4F160C01F936CE040A8C020017257,104,None,0.0,根和根茎类
山西省,运城蔬菜批发市场有限公司,大葱,2.0,2.1,2.6,元/公斤,2025-06-25,2025-06-25 13:30:28,2025-06-25 13:30:47,76E4F160C01F936CE040A8C020017257,105,None,0.0,根和根茎类
山西省,运城蔬菜批发市场有限公司,生姜,7.0,7.2,8.0,元/公斤,2025-06-25,2025-06-25 13:30:28,2025-06-25 13:30:47,76E4F160C01F936CE040A8C020017257,106,None,0.0,根和根茎类
山西省,运城蔬菜批发市场有限公司,大蒜,6.2,6.3,8.4,元/公斤,2025-06-25,2025-06-25 13:30:28,2025-06-25 13:30:47,76E4F160C01F936CE040A8C020017257,107,None,0.0,根和根茎类
山西省,运城蔬菜批发市场有限公司,莲藕,4.0,4.2,5.0,元/公斤,2025-06-25,2025-06-25 13:30:28,2025-06-25 13:30:47,76E4F160C01F936CE040A8C020017257,112,None,0.0,根和根茎类
山西省,运城蔬菜批发市场有限公司,蒜薹,5.0,5.2,6.4,元/公斤,2025-06-25,2025-06-25 13:30:28,2025-06-25 13:30:47,76E4F160C01F936CE040A8C020017257,119,None,0.0,根和根茎类
山西省,运城蔬菜批发市场有限公司,西红柿,1.6,1.7,2.4,元/公斤,2025-06-25,2025-06-25 13:30:28,2025-06-25 13:30:47,76E4F160C01F936CE040A8C020017257,135,None,0.0,瓜果类
山西省,运城蔬菜批发市场有限公司,红尖椒,9.0,10.0,12.0,元/公斤,2025-06-25,2025-06-25 13:30:28,2025-06-25 13:30:47,76E4F160C01F936CE040A8C020017257,1227,None,0.0,瓜果类
山西省,运城蔬菜批发市场有限公司,青椒,2.6,2.8,3.2,元/公斤,2025-06-25,2025-06-25 13:30:28,2025-06-25 13:30:47,76E4F160C01F936CE040A8C020017257,137,None,0.0,瓜果类
山西省,山西汾阳市晋阳农副产品批发市场,面粉,0.0,3.6,0.0,元/公斤,2025-06-25,2025-06-25 13:30:30,2025-06-25 13:30:47,76E4F160C02A936CE040A8C020017257,2,None,0.0,谷物
山西省,山西汾阳市晋阳农副产品批发市场,大米,0.0,4.6,0.0,元/公斤,2025-06-25,2025-06-25 13:30:30,2025-06-25 13:30:47,76E4F160C02A936CE040A8C020017257,6,None,0.0,谷物
山西省,山西汾阳市晋阳农副产品批发市场,大白菜,0.0,1.0,0.0,元/公斤,2025-06-25,2025-06-25 13:30:30,2025-06-25 13:30:47,76E4F160C02A936CE040A8C020017257,77,None,0.0,叶菜类
山西省,山西汾阳市晋阳农副产品批发市场,洋白菜,0.0,1.0,0.0,元/公斤,2025-06-25,2025-06-25 13:30:30,2025-06-25 13:30:47,76E4F160C02A936CE040A8C020017257,1451,None,0.0,叶菜类
山西省,山西汾阳市晋阳农副产品批发市场,油菜,0.0,2.0,0.0,元/公斤,2025-06-25,2025-06-25 13:30:30,2025-06-25 13:30:47,76E4F160C02A936CE040A8C020017257,79,None,0.0,叶菜类
山西省,山西汾阳市晋阳农副产品批发市场,生菜,0.0,2.2,0.0,元/公斤,2025-06-25,2025-06-25 13:30:30,2025-06-25 13:30:47,76E4F160C02A936CE040A8C020017257,81,None,0.0,叶菜类
山西省,山西汾阳市晋阳农副产品批发市场,菠菜,0.0,8.0,0.0,元/公斤,2025-06-25,2025-06-25 13:30:30,2025-06-25 13:30:47,76E4F160C02A936CE040A8C020017257,82,None,0.0,叶菜类
山西省,山西汾阳市晋阳农副产品批发市场,香菜,0.0,5.0,0.0,元/公斤,2025-06-25,2025-06-25 13:30:30,2025-06-25 13:30:47,76E4F160C02A936CE040A8C020017257,86,None,0.0,叶菜类
山西省,山西汾阳市晋阳农副产品批发市场,韭菜,0.0,4.2,0.0,元/公斤,2025-06-25,2025-06-25 13:30:30,2025-06-25 13:30:47,76E4F160C02A936CE040A8C020017257,95,None,0.0,叶菜类
山西省,山西汾阳市晋阳农副产品批发市场,白萝卜,0.0,1.6,0.0,元/公斤,2025-06-25,2025-06-25 13:30:30,2025-06-25 13:30:47,76E4F160C02A936CE040A8C020017257,1234,None,0.0,根和根茎类
山西省,山西汾阳市晋阳农副产品批发市场,胡萝卜,0.0,2.0,0.0,元/公斤,2025-06-25,2025-06-25 13:30:30,2025-06-25 13:30:47,76E4F160C02A936CE040A8C020017257,100,None,0.0,根和根茎类
山西省,山西汾阳市晋阳农副产品批发市场,土豆,0.0,1.8,0.0,元/公斤,2025-06-25,2025-06-25 13:30:30,2025-06-25 13:30:47,76E4F160C02A936CE040A8C020017257,101,None,0.0,根和根茎类
山西省,山西汾阳市晋阳农副产品批发市场,葱头,0.0,1.6,0.0,元/公斤,2025-06-25,2025-06-25 13:30:30,2025-06-25 13:30:47,76E4F160C02A936CE040A8C020017257,104,None,0.0,根和根茎类
山西省,山西汾阳市晋阳农副产品批发市场,大葱,0.0,2.2,0.0,元/公斤,2025-06-25,2025-06-25 13:30:30,2025-06-25 13:30:47,76E4F160C02A936CE040A8C020017257,105,None,0.0,根和根茎类
山西省,山西汾阳市晋阳农副产品批发市场,生姜,0.0,11.0,0.0,元/公斤,2025-06-25,2025-06-25 13:30:30,2025-06-25 13:30:47,76E4F160C02A936CE040A8C020017257,106,None,0.0,根和根茎类
山西省,山西汾阳市晋阳农副产品批发市场,大蒜,0.0,11.0,0.0,元/公斤,2025-06-25,2025-06-25 13:30:30,2025-06-25 13:30:47,76E4F160C02A936CE040A8C020017257,107,None,0.0,根和根茎类
山西省,山西汾阳市晋阳农副产品批发市场,芹菜,0.0,1.6,0.0,元/公斤,2025-06-25,2025-06-25 13:30:30,2025-06-25 13:30:47,76E4F160C02A936CE040A8C020017257,109,None,0.0,根和根茎类
山西省,山西汾阳市晋阳农副产品批发市场,菜花,0.0,5.2,0.0,元/公斤,2025-06-25,2025-06-25 13:30:30,2025-06-25 13:30:47,76E4F160C02A936CE040A8C020017257,129,None,0.0,芽、花类
山西省,山西汾阳市晋阳农副产品批发市场,西红柿,0.0,3.2,0.0,元/公斤,2025-06-25,2025-06-25 13:30:30,2025-06-25 13:30:47,76E4F160C02A936CE040A8C020017257,135,None,0.0,瓜果类
山西省,山西汾阳市晋阳农副产品批发市场,尖椒,0.0,4.6,0.0,元/公斤,2025-06-25,2025-06-25 13:30:30,2025-06-25 13:30:47,76E4F160C02A936CE040A8C020017257,136,None,0.0,瓜果类
山西省,孝义市绿海蔬菜批发销售有限公司,大白菜,0.0,0.7,0.0,元/公斤,2025-06-25,2025-06-25 13:30:32,2025-06-25 13:30:47,76E4F160C025936CE040A8C020017257,77,None,0.0,叶菜类
山西省,孝义市绿海蔬菜批发销售有限公司,洋白菜,0.0,1.2,0.0,元/公斤,2025-06-25,2025-06-25 13:30:32,2025-06-25 13:30:47,76E4F160C025936CE040A8C020017257,1451,None,0.0,叶菜类
山西省,孝义市绿海蔬菜批发销售有限公司,油菜,0.0,3.0,0.0,元/公斤,2025-06-25,2025-06-25 13:30:32,2025-06-25 13:30:47,76E4F160C025936CE040A8C020017257,79,None,0.0,叶菜类
山西省,孝义市绿海蔬菜批发销售有限公司,白萝卜,0.0,1.0,0.0,元/公斤,2025-06-25,2025-06-25 13:30:32,2025-06-25 13:30:47,76E4F160C025936CE040A8C020017257,1234,None,0.0,根和根茎类
山西省,孝义市绿海蔬菜批发销售有限公司,土豆,0.0,2.0,0.0,元/公斤,2025-06-25,2025-06-25 13:30:32,2025-06-25 13:30:47,76E4F160C025936CE040A8C020017257,101,None,0.0,根和根茎类
山西省,孝义市绿海蔬菜批发销售有限公司,葱头,0.0,2.0,0.0,元/公斤,2025-06-25,2025-06-25 13:30:32,2025-06-25 13:30:47,76E4F160C025936CE040A8C020017257,104,None,0.0,根和根茎类
山西省,孝义市绿海蔬菜批发销售有限公司,大葱,0.0,2.0,0.0,元/公斤,2025-06-25,2025-06-25 13:30:32,2025-06-25 13:30:47,76E4F160C025936CE040A8C020017257,105,None,0.0,根和根茎类
山西省,孝义市绿海蔬菜批发销售有限公司,生姜,0.0,11.0,0.0,元/公斤,2025-06-25,2025-06-25 13:30:32,2025-06-25 13:30:47,76E4F160C025936CE040A8C020017257,106,None,0.0,根和根茎类
山西省,孝义市绿海蔬菜批发销售有限公司,白蒜5.0公分,0.0,8.0,0.0,元/公斤,2025-06-25,2025-06-25 13:30:32,2025-06-25 13:30:47,76E4F160C025936CE040A8C020017257,1333,None,0.0,根和根茎类
山西省,孝义市绿海蔬菜批发销售有限公司,芹菜,0.0,3.0,0.0,元/公斤,2025-06-25,2025-06-25 13:30:32,2025-06-25 13:30:47,76E4F160C025936CE040A8C020017257,109,None,0.0,根和根茎类
山西省,孝义市绿海蔬菜批发销售有限公司,蒜薹,0.0,4.0,0.0,元/公斤,2025-06-25,2025-06-25 13:30:32,2025-06-25 13:30:47,76E4F160C025936CE040A8C020017257,119,None,0.0,根和根茎类
山西省,孝义市绿海蔬菜批发销售有限公司,菜花,0.0,3.4,0.0,元/公斤,2025-06-25,2025-06-25 13:30:32,2025-06-25 13:30:47,76E4F160C025936CE040A8C020017257,129,None,0.0,芽、花类
山西省,孝义市绿海蔬菜批发销售有限公司,西红柿,0.0,3.6,0.0,元/公斤,2025-06-25,2025-06-25 13:30:32,2025-06-25 13:30:47,76E4F160C025936CE040A8C020017257,135,None,0.0,瓜果类
山西省,孝义市绿海蔬菜批发销售有限公司,尖椒,0.0,4.0,0.0,元/公斤,2025-06-25,2025-06-25 13:30:32,2025-06-25 13:30:47,76E4F160C025936CE040A8C020017257,136,None,0.0,瓜果类
山西省,孝义市绿海蔬菜批发销售有限公司,青椒,0.0,4.0,0.0,元/公斤,2025-06-25,2025-06-25 13:30:32,2025-06-25 13:30:47,76E4F160C025936CE040A8C020017257,137,None,0.0,瓜果类
山西省,孝义市绿海蔬菜批发销售有限公司,茄子,0.0,3.0,0.0,元/公斤,2025-06-25,2025-06-25 13:30:32,2025-06-25 13:30:47,76E4F160C025936CE040A8C020017257,138,None,0.0,瓜果类
山西省,孝义市绿海蔬菜批发销售有限公司,黄瓜,0.0,3.0,0.0,元/公斤,2025-06-25,2025-06-25 13:30:32,2025-06-25 13:30:47,76E4F160C025936CE040A8C020017257,139,None,0.0,瓜果类
山西省,孝义市绿海蔬菜批发销售有限公司,西葫芦,0.0,1.2,0.0,元/公斤,2025-06-25,2025-06-25 13:30:32,2025-06-25 13:30:47,76E4F160C025936CE040A8C020017257,140,None,0.0,瓜果类
山西省,孝义市绿海蔬菜批发销售有限公司,豆角,0.0,5.0,0.0,元/公斤,2025-06-25,2025-06-25 13:30:32,2025-06-25 13:30:47,76E4F160C025936CE040A8C020017257,150,None,0.0,瓜果类
内蒙古自治区,内蒙古保全庄农产品批发市场,面粉,3.4,3.6,4.0,元/公斤,2025-06-25,2025-06-25 13:30:38,2025-06-25 13:30:47,bd298759-7579-4ead-958e-e1e53859a832,2,巴盟临河,1000.0,谷物
内蒙古自治区,内蒙古保全庄农产品批发市场,大米,3.5,3.7,4.1,元/公斤,2025-06-25,2025-06-25 13:30:38,2025-06-25 13:30:47,bd298759-7579-4ead-958e-e1e53859a832,6,赤峰,1000.0,谷物
内蒙古自治区,内蒙古保全庄农产品批发市场,红小豆,14.0,15.0,16.0,元/公斤,2025-06-25,2025-06-25 13:30:38,2025-06-25 13:30:47,bd298759-7579-4ead-958e-e1e53859a832,22,呼和浩特,200.0,豆类
内蒙古自治区,内蒙古保全庄农产品批发市场,大白菜,0.9,1.0,1.0,元/公斤,2025-06-25,2025-06-25 13:30:38,2025-06-25 13:30:47,bd298759-7579-4ead-958e-e1e53859a832,77,河北,150.0,叶菜类
内蒙古自治区,内蒙古保全庄农产品批发市场,油菜,1.7,1.9,2.1,元/公斤,2025-06-25,2025-06-25 13:30:38,2025-06-25 13:30:47,bd298759-7579-4ead-958e-e1e53859a832,79,河北,22.0,叶菜类
内蒙古自治区,内蒙古保全庄农产品批发市场,小白菜,1.6,1.8,2.0,元/公斤,2025-06-25,2025-06-25 13:30:38,2025-06-25 13:30:47,bd298759-7579-4ead-958e-e1e53859a832,80,包头,56.0,叶菜类
内蒙古自治区,内蒙古保全庄农产品批发市场,生菜,1.6,1.7,1.8,元/公斤,2025-06-25,2025-06-25 13:30:38,2025-06-25 13:30:47,bd298759-7579-4ead-958e-e1e53859a832,81,呼和浩特,231.0,叶菜类
内蒙古自治区,内蒙古保全庄农产品批发市场,菠菜,3.0,3.2,4.0,元/公斤,2025-06-25,2025-06-25 13:30:38,2025-06-25 13:30:47,bd298759-7579-4ead-958e-e1e53859a832,82,包头,52.0,叶菜类
内蒙古自治区,内蒙古保全庄农产品批发市场,木耳菜,18.0,18.6,19.0,元/公斤,2025-06-25,2025-06-25 13:30:38,2025-06-25 13:30:47,bd298759-7579-4ead-958e-e1e53859a832,83,北京,42.0,叶菜类
内蒙古自治区,内蒙古保全庄农产品批发市场,香菜,3.0,3.2,4.0,元/公斤,2025-06-25,2025-06-25 13:30:38,2025-06-25 13:30:47,bd298759-7579-4ead-958e-e1e53859a832,86,包头,21.0,叶菜类
内蒙古自治区,内蒙古保全庄农产品批发市场,油麦菜,3.0,3.2,4.0,元/公斤,2025-06-25,2025-06-25 13:30:38,2025-06-25 13:30:47,bd298759-7579-4ead-958e-e1e53859a832,87,云南,65.0,叶菜类
内蒙古自治区,内蒙古保全庄农产品批发市场,韭苔,13.0,13.5,14.0,元/公斤,2025-06-25,2025-06-25 13:30:38,2025-06-25 13:30:47,bd298759-7579-4ead-958e-e1e53859a832,1455,河北,221.0,叶菜类
内蒙古自治区,内蒙古保全庄农产品批发市场,蒜苗,9.0,10.0,11.0,元/公斤,2025-06-25,2025-06-25 13:30:38,2025-06-25 13:30:47,bd298759-7579-4ead-958e-e1e53859a832,97,呼和浩特,155.0,叶菜类
内蒙古自治区,内蒙古保全庄农产品批发市场,茴香,7.0,8.2,9.0,元/公斤,2025-06-25,2025-06-25 13:30:38,2025-06-25 13:30:47,bd298759-7579-4ead-958e-e1e53859a832,98,包头,122.0,叶菜类
内蒙古自治区,内蒙古保全庄农产品批发市场,红萝卜,1.8,1.9,2.0,元/公斤,2025-06-25,2025-06-25 13:30:38,2025-06-25 13:30:47,bd298759-7579-4ead-958e-e1e53859a832,1233,河北，【水洗】胡萝卜,90.0,根和根茎类
内蒙古自治区,内蒙古保全庄农产品批发市场,青萝卜,2.0,2.1,2.2,元/公斤,2025-06-25,2025-06-25 13:30:38,2025-06-25 13:30:47,bd298759-7579-4ead-958e-e1e53859a832,1498,山东,654.0,根和根茎类
内蒙古自治区,内蒙古保全庄农产品批发市场,土豆,1.3,1.35,1.4,元/公斤,2025-06-25,2025-06-25 13:30:38,2025-06-25 13:30:47,bd298759-7579-4ead-958e-e1e53859a832,101,包头,200.0,根和根茎类
内蒙古自治区,内蒙古保全庄农产品批发市场,山药,3.0,3.2,4.0,元/公斤,2025-06-25,2025-06-25 13:30:38,2025-06-25 13:30:47,bd298759-7579-4ead-958e-e1e53859a832,102,河北,700.0,根和根茎类
内蒙古自治区,内蒙古保全庄农产品批发市场,葱头,1.0,1.15,1.2,元/公斤,2025-06-25,2025-06-25 13:30:38,2025-06-25 13:30:47,bd298759-7579-4ead-958e-e1e53859a832,104,宁夏,87.0,根和根茎类
内蒙古自治区,内蒙古保全庄农产品批发市场,大葱,1.7,1.8,2.0,元/公斤,2025-06-25,2025-06-25 13:30:38,2025-06-25 13:30:47,bd298759-7579-4ead-958e-e1e53859a832,105,山东,67.0,根和根茎类
内蒙古自治区,内蒙古呼和浩特市东瓦窑农副产品批发市场有限责任公司,面粉,5.6,6.0,6.6,元/公斤,2025-06-25,2025-06-25 13:30:40,2025-06-25 13:30:47,76E4F160C02F936CE040A8C020017257,2,None,6.5,谷物
内蒙古自治区,内蒙古呼和浩特市东瓦窑农副产品批发市场有限责任公司,大米,6.0,7.0,7.5,元/公斤,2025-06-25,2025-06-25 13:30:40,2025-06-25 13:30:47,76E4F160C02F936CE040A8C020017257,6,None,10.0,谷物
内蒙古自治区,内蒙古呼和浩特市东瓦窑农副产品批发市场有限责任公司,大白菜,1.3,1.4,1.5,元/公斤,2025-06-25,2025-06-25 13:30:40,2025-06-25 13:30:47,76E4F160C02F936CE040A8C020017257,77,None,7.0,叶菜类
内蒙古自治区,内蒙古呼和浩特市东瓦窑农副产品批发市场有限责任公司,甘蓝,2.2,2.4,3.2,元/公斤,2025-06-25,2025-06-25 13:30:40,2025-06-25 13:30:47,76E4F160C02F936CE040A8C020017257,78,None,1.0,叶菜类
内蒙古自治区,内蒙古呼和浩特市东瓦窑农副产品批发市场有限责任公司,洋白菜,0.8,1.6,2.6,元/公斤,2025-06-25,2025-06-25 13:30:40,2025-06-25 13:30:47,76E4F160C02F936CE040A8C020017257,1451,None,8.0,叶菜类
内蒙古自治区,内蒙古呼和浩特市东瓦窑农副产品批发市场有限责任公司,油菜,4.2,4.4,4.8,元/公斤,2025-06-25,2025-06-25 13:30:40,2025-06-25 13:30:47,76E4F160C02F936CE040A8C020017257,79,None,9.0,叶菜类
内蒙古自治区,内蒙古呼和浩特市东瓦窑农副产品批发市场有限责任公司,小白菜,2.0,2.4,3.0,元/公斤,2025-06-25,2025-06-25 13:30:40,2025-06-25 13:30:47,76E4F160C02F936CE040A8C020017257,80,None,8.0,叶菜类
内蒙古自治区,内蒙古呼和浩特市东瓦窑农副产品批发市场有限责任公司,生菜,2.0,2.4,3.0,元/公斤,2025-06-25,2025-06-25 13:30:40,2025-06-25 13:30:47,76E4F160C02F936CE040A8C020017257,81,None,10.0,叶菜类
内蒙古自治区,内蒙古呼和浩特市东瓦窑农副产品批发市场有限责任公司,菠菜,4.6,5.0,5.6,元/公斤,2025-06-25,2025-06-25 13:30:40,2025-06-25 13:30:47,76E4F160C02F936CE040A8C020017257,82,None,8.0,叶菜类
内蒙古自治区,内蒙古呼和浩特市东瓦窑农副产品批发市场有限责任公司,茼蒿,4.0,4.4,5.0,元/公斤,2025-06-25,2025-06-25 13:30:40,2025-06-25 13:30:47,76E4F160C02F936CE040A8C020017257,84,None,8.0,叶菜类
内蒙古自治区,内蒙古呼和浩特市东瓦窑农副产品批发市场有限责任公司,油麦菜,2.0,2.4,3.0,元/公斤,2025-06-25,2025-06-25 13:30:40,2025-06-25 13:30:47,76E4F160C02F936CE040A8C020017257,87,None,8.0,叶菜类
内蒙古自治区,内蒙古呼和浩特市东瓦窑农副产品批发市场有限责任公司,韭菜,2.6,3.0,3.6,元/公斤,2025-06-25,2025-06-25 13:30:40,2025-06-25 13:30:47,76E4F160C02F936CE040A8C020017257,95,None,8.0,叶菜类
内蒙古自治区,内蒙古呼和浩特市东瓦窑农副产品批发市场有限责任公司,小葱,7.4,7.6,9.0,元/公斤,2025-06-25,2025-06-25 13:30:40,2025-06-25 13:30:47,76E4F160C02F936CE040A8C020017257,1454,None,2.0,叶菜类
内蒙古自治区,内蒙古呼和浩特市东瓦窑农副产品批发市场有限责任公司,蒜苗,5.6,6.0,7.0,元/公斤,2025-06-25,2025-06-25 13:30:40,2025-06-25 13:30:47,76E4F160C02F936CE040A8C020017257,97,None,1.3,叶菜类
内蒙古自治区,内蒙古呼和浩特市东瓦窑农副产品批发市场有限责任公司,红萝卜,8.0,8.4,9.0,元/公斤,2025-06-25,2025-06-25 13:30:40,2025-06-25 13:30:47,76E4F160C02F936CE040A8C020017257,1233,None,0.6,根和根茎类
内蒙古自治区,内蒙古呼和浩特市东瓦窑农副产品批发市场有限责任公司,白萝卜,1.8,2.0,2.2,元/公斤,2025-06-25,2025-06-25 13:30:40,2025-06-25 13:30:47,76E4F160C02F936CE040A8C020017257,1234,None,3.5,根和根茎类
内蒙古自治区,内蒙古呼和浩特市东瓦窑农副产品批发市场有限责任公司,心里美萝卜,4.0,4.6,5.0,元/公斤,2025-06-25,2025-06-25 13:30:40,2025-06-25 13:30:47,76E4F160C02F936CE040A8C020017257,1324,None,2.0,根和根茎类
内蒙古自治区,内蒙古呼和浩特市东瓦窑农副产品批发市场有限责任公司,胡萝卜,1.8,2.0,2.2,元/公斤,2025-06-25,2025-06-25 13:30:40,2025-06-25 13:30:47,76E4F160C02F936CE040A8C020017257,100,None,8.0,根和根茎类
内蒙古自治区,内蒙古呼和浩特市东瓦窑农副产品批发市场有限责任公司,土豆,1.5,1.6,2.8,元/公斤,2025-06-25,2025-06-25 13:30:40,2025-06-25 13:30:47,76E4F160C02F936CE040A8C020017257,101,None,32.0,根和根茎类
内蒙古自治区,内蒙古呼和浩特市东瓦窑农副产品批发市场有限责任公司,山药,7.8,8.0,10.0,元/公斤,2025-06-25,2025-06-25 13:30:40,2025-06-25 13:30:47,76E4F160C02F936CE040A8C020017257,102,None,1.6,根和根茎类
内蒙古自治区,内蒙赤峰西城市场,大白菜,1.2,1.4,1.4,元/公斤,2025-06-25,2025-06-25 13:30:42,2025-06-25 13:30:47,76E4F160C030936CE040A8C020017257,77,None,0.0,叶菜类
内蒙古自治区,内蒙赤峰西城市场,甘蓝,0.8,1.0,1.0,元/公斤,2025-06-25,2025-06-25 13:30:42,2025-06-25 13:30:47,76E4F160C030936CE040A8C020017257,78,None,0.0,叶菜类
内蒙古自治区,内蒙赤峰西城市场,洋白菜,1.6,2.0,2.2,元/公斤,2025-06-25,2025-06-25 13:30:42,2025-06-25 13:30:47,76E4F160C030936CE040A8C020017257,1451,None,0.0,叶菜类
内蒙古自治区,内蒙赤峰西城市场,油菜,1.0,1.4,1.4,元/公斤,2025-06-25,2025-06-25 13:30:42,2025-06-25 13:30:47,76E4F160C030936CE040A8C020017257,79,None,0.0,叶菜类
内蒙古自治区,内蒙赤峰西城市场,生菜,2.0,3.0,3.0,元/公斤,2025-06-25,2025-06-25 13:30:42,2025-06-25 13:30:47,76E4F160C030936CE040A8C020017257,81,None,0.0,叶菜类
内蒙古自治区,内蒙赤峰西城市场,菠菜,3.0,3.2,3.4,元/公斤,2025-06-25,2025-06-25 13:30:42,2025-06-25 13:30:47,76E4F160C030936CE040A8C020017257,82,None,0.0,叶菜类
内蒙古自治区,内蒙赤峰西城市场,茼蒿,3.4,3.6,4.0,元/公斤,2025-06-25,2025-06-25 13:30:42,2025-06-25 13:30:47,76E4F160C030936CE040A8C020017257,84,None,0.0,叶菜类
内蒙古自治区,内蒙赤峰西城市场,香菜,4.0,4.2,4.6,元/公斤,2025-06-25,2025-06-25 13:30:42,2025-06-25 13:30:47,76E4F160C030936CE040A8C020017257,86,None,0.0,叶菜类
内蒙古自治区,内蒙赤峰西城市场,芥菜,2.4,2.6,2.6,元/公斤,2025-06-25,2025-06-25 13:30:42,2025-06-25 13:30:47,76E4F160C030936CE040A8C020017257,88,None,0.0,叶菜类
内蒙古自治区,内蒙赤峰西城市场,韭菜,2.8,3.0,3.0,元/公斤,2025-06-25,2025-06-25 13:30:42,2025-06-25 13:30:47,76E4F160C030936CE040A8C020017257,95,None,0.0,叶菜类
内蒙古自治区,内蒙赤峰西城市场,小葱,2.6,3.0,3.0,元/公斤,2025-06-25,2025-06-25 13:30:42,2025-06-25 13:30:47,76E4F160C030936CE040A8C020017257,1454,None,0.0,叶菜类
内蒙古自治区,内蒙赤峰西城市场,茴香,1.0,1.4,2.0,元/公斤,2025-06-25,2025-06-25 13:30:42,2025-06-25 13:30:47,76E4F160C030936CE040A8C020017257,98,None,0.0,叶菜类
内蒙古自治区,内蒙赤峰西城市场,白萝卜,1.2,1.4,1.6,元/公斤,2025-06-25,2025-06-25 13:30:42,2025-06-25 13:30:47,76E4F160C030936CE040A8C020017257,1234,None,0.0,根和根茎类
内蒙古自治区,内蒙赤峰西城市场,胡萝卜,2.4,2.6,2.6,元/公斤,2025-06-25,2025-06-25 13:30:42,2025-06-25 13:30:47,76E4F160C030936CE040A8C020017257,100,None,0.0,根和根茎类
内蒙古自治区,内蒙赤峰西城市场,土豆,1.6,2.0,2.4,元/公斤,2025-06-25,2025-06-25 13:30:42,2025-06-25 13:30:47,76E4F160C030936CE040A8C020017257,101,None,0.0,根和根茎类
内蒙古自治区,内蒙赤峰西城市场,葱头,1.0,1.4,1.4,元/公斤,2025-06-25,2025-06-25 13:30:42,2025-06-25 13:30:47,76E4F160C030936CE040A8C020017257,104,None,0.0,根和根茎类
内蒙古自治区,内蒙赤峰西城市场,大葱,2.0,2.4,2.6,元/公斤,2025-06-25,2025-06-25 13:30:42,2025-06-25 13:30:47,76E4F160C030936CE040A8C020017257,105,None,0.0,根和根茎类
内蒙古自治区,内蒙赤峰西城市场,生姜,7.4,7.6,8.0,元/公斤,2025-06-25,2025-06-25 13:30:42,2025-06-25 13:30:47,76E4F160C030936CE040A8C020017257,106,None,0.0,根和根茎类
内蒙古自治区,内蒙赤峰西城市场,大蒜,6.8,7.0,7.0,元/公斤,2025-06-25,2025-06-25 13:30:42,2025-06-25 13:30:47,76E4F160C030936CE040A8C020017257,107,None,0.0,根和根茎类
内蒙古自治区,内蒙赤峰西城市场,芹菜,1.4,1.6,1.6,元/公斤,2025-06-25,2025-06-25 13:30:42,2025-06-25 13:30:47,76E4F160C030936CE040A8C020017257,109,None,0.0,根和根茎类
